{
  "system": {
    "info": {
      "type": ["Simulation", "Information"],
      "parameters": {
        "name": "Free Helix Simulation"
      }
    }
  },
  "global": {
    "units": {
      "type": ["Units", "None"]
    },
    "types": {
      "type": ["Types", "Basic"],
      "labels": ["name", "mass", "radius", "charge"],
      "data": [
        ["A", 1.0, 0.5, 0.0]
      ]
    },
    "ensemble": {
      "type": ["Ensemble", "NVT"],
      "labels": ["box", "temperature"],
      "data": [
        [
          [48.93333333333333, 48.93333333333333, 48.93333333333333], 0.01
        ]
      ]
    }
  },
  "integrator": {
    "bbk": {
      "type": ["Langevin", "BBK"],
      "parameters": {
        "timeStep": 0.01,
        "frictionConstant": 9.42477796076938
      }
    },
    "schedule": {
      "type": ["Schedule", "Integrator"],
      "labels": ["order", "integrator", "steps"],
      "data": [
        [1, "bbk", 30000]
      ]
    }
  },
  "state": {
    "labels": ["id", "position"],
    "data": [
      [0, [2.0000000000000004, -6.41462192005646e-17, -11.733333333333333]],
      [1, [1.827090915285202, 0.8134732861516002, -11.2]],
      [2, [1.3382612127177167, 1.4862896509547883, -10.666666666666666]],
      [3, [0.6180339887498952, 1.902113032590307, -10.133333333333333]],
      [4, [-0.2090569265353064, 1.9890437907365468, -9.6]],
      [5, [-0.9999999999999992, 1.7320508075688774, -9.066666666666666]],
      [6, [-1.6180339887498945, 1.1755705045849465, -8.533333333333331]],
      [7, [-1.956295201467611, 0.4158233816355194, -8.0]],
      [8, [-1.9562952014676112, -0.4158233816355182, -7.466666666666666]],
      [9, [-1.618033988749895, -1.175570504584946, -6.933333333333333]],
      [10, [-1.0000000000000007, -1.7320508075688767, -6.3999999999999995]],
      [11, [-0.2090569265353082, -1.9890437907365466, -5.866666666666666]],
      [12, [0.6180339887498948, -1.9021130325903073, -5.333333333333332]],
      [13, [1.3382612127177158, -1.4862896509547892, -4.8]],
      [14, [1.8270909152852013, -0.813473286151602, -4.266666666666667]],
      [15, [2.0000000000000004, -5.540049388595059e-16, -3.7333333333333325]],
      [16, [1.8270909152852024, 0.8134732861515993, -3.1999999999999993]],
      [17, [1.338261212717718, 1.4862896509547874, -2.666666666666666]],
      [18, [0.6180339887498958, 1.902113032590307, -2.133333333333333]],
      [19, [-0.20905692653530547, 1.9890437907365468, -1.5999999999999996]],
      [20, [-0.9999999999999981, 1.7320508075688783, -1.0666666666666664]],
      [21, [-1.6180339887498942, 1.1755705045849467, -0.5333333333333314]],
      [22, [-1.9562952014676105, 0.4158233816355216, 0.0]],
      [23, [-1.9562952014676114, -0.41582338163551685, 0.5333333333333332]],
      [24, [-1.6180339887498951, -1.1755705045849456, 1.0666666666666682]],
      [25, [-1.0000000000000024, -1.7320508075688756, 1.5999999999999996]],
      [26, [-0.2090569265353087, -1.9890437907365464, 2.133333333333333]],
      [27, [0.6180339887498943, -1.9021130325903075, 2.666666666666668]],
      [28, [1.3382612127177143, -1.4862896509547907, 3.1999999999999993]],
      [29, [1.827090915285201, -0.8134732861516025, 3.7333333333333343]],
      [30, [2.0000000000000004, -1.0438636585184471e-15, 4.2666666666666675]],
      [31, [1.8270909152852033, 0.8134732861515972, 4.799999999999999]],
      [32, [1.3382612127177183, 1.486289650954787, 5.333333333333334]],
      [33, [0.6180339887498962, 1.9021130325903068, 5.866666666666669]],
      [34, [-0.2090569265353032, 1.989043790736547, 6.4]],
      [35, [-0.9999999999999977, 1.7320508075688785, 6.933333333333335]],
      [36, [-1.618033988749894, 1.1755705045849472, 7.466666666666667]],
      [37, [-1.9562952014676103, 0.4158233816355221, 7.999999999999998]],
      [38, [-1.9562952014676116, -0.41582338163551635, 8.533333333333333]],
      [39, [-1.6180339887498953, -1.1755705045849452, 9.066666666666668]],
      [40, [-1.0000000000000029, -1.7320508075688754, 9.6]],
      [41, [-0.20905692653531271, -1.9890437907365461, 10.133333333333331]],
      [42, [0.6180339887498939, -1.9021130325903075, 10.66666666666667]],
      [43, [1.3382612127177138, -1.486289650954791, 11.200000000000001]],
      [44, [1.8270909152851995, -0.8134732861516062, 11.733333333333333]]
    ]
  },
  "topology": {
    "structure": {
      "labels": ["id", "type", "modelId"],
      "data": [
        [0, "A", 0],
        [1, "A", 1],
        [2, "A", 2],
        [3, "A", 3],
        [4, "A", 4],
        [5, "A", 5],
        [6, "A", 6],
        [7, "A", 7],
        [8, "A", 8],
        [9, "A", 9],
        [10, "A", 10],
        [11, "A", 11],
        [12, "A", 12],
        [13, "A", 13],
        [14, "A", 14],
        [15, "A", 15],
        [16, "A", 16],
        [17, "A", 17],
        [18, "A", 18],
        [19, "A", 19],
        [20, "A", 20],
        [21, "A", 21],
        [22, "A", 22],
        [23, "A", 23],
        [24, "A", 24],
        [25, "A", 25],
        [26, "A", 26],
        [27, "A", 27],
        [28, "A", 28],
        [29, "A", 29],
        [30, "A", 30],
        [31, "A", 31],
        [32, "A", 32],
        [33, "A", 33],
        [34, "A", 34],
        [35, "A", 35],
        [36, "A", 36],
        [37, "A", 37],
        [38, "A", 38],
        [39, "A", 39],
        [40, "A", 40],
        [41, "A", 41],
        [42, "A", 42],
        [43, "A", 43],
        [44, "A", 44]
      ]
    },
    "forceField": {
      "bonds": {
        "type": ["Bond2", "Harmonic"],
        "parameters": {},
        "labels": ["id_i", "id_j", "K", "r0"],